FaceCategory,FaceExemplar,FileName
1,1,CFD-BF-001-025-N.jpg
1,2,CFD-BF-002-001-N.jpg
1,3,CFD-BF-003-003-N.jpg
1,4,CFD-BF-004-014-N.jpg
1,5,CFD-BF-005-001-N.jpg
1,6,CFD-BF-006-017-N.jpg
1,7,CFD-BF-007-001-N.jpg
1,8,CFD-BF-008-001-N.jpg
1,9,CFD-BF-009-002-N.jpg
1,10,CFD-BF-010-001-N.jpg
1,11,CFD-BF-011-002-N.jpg
1,12,CFD-BF-012-001-N.jpg
1,13,CFD-BF-013-001-N.jpg
1,14,CFD-BF-014-002-N.jpg
1,15,CFD-BF-015-004-N.jpg
1,16,CFD-BF-016-017-N.jpg
1,17,CFD-BF-017-003-N.jpg
1,18,CFD-BF-018-039-N.jpg
1,19,CFD-BF-019-001-N.jpg
1,20,CFD-BF-020-002-N.jpg
1,21,CFD-BF-021-013-N.jpg
1,22,CFD-BF-023-010-N.jpg
1,23,CFD-BF-024-002-N.jpg
1,24,CFD-BF-025-002-N.jpg
1,25,CFD-BF-027-002-N.jpg
1,26,CFD-BF-028-001-N.jpg
1,27,CFD-BF-029-031-N.jpg
1,28,CFD-BF-030-002-N.jpg
1,29,CFD-BF-031-002-N.jpg
1,30,CFD-BF-032-038-N.jpg
1,31,CFD-BF-033-028-N.jpg
1,32,CFD-BF-034-002-N.jpg
1,33,CFD-BF-035-001-N.jpg
1,34,CFD-BF-036-027-N.jpg
1,35,CFD-BF-037-022-N.jpg
1,36,CFD-BF-038-037-N.jpg
1,37,CFD-BF-039-031-N.jpg
1,38,CFD-BF-040-003-N.jpg
1,39,CFD-BF-041-001-N.jpg
1,40,CFD-BF-042-026-N.jpg
1,41,CFD-BF-043-003-N.jpg
1,42,CFD-BF-044-034-N.jpg
1,43,CFD-BF-045-003-N.jpg
1,44,CFD-BF-047-003-N.jpg
1,45,CFD-BF-048-002-N.jpg
1,46,CFD-BF-049-032-N.jpg
1,47,CFD-BF-050-003-N.jpg
1,48,CFD-BF-051-035-N.jpg
1,49,CFD-BF-200-080-N.jpg
1,50,CFD-BF-201-080-N.jpg
1,51,CFD-BF-202-109-N.jpg
1,52,CFD-BF-203-184-N.jpg
1,53,CFD-BF-204-189-N.jpg
1,54,CFD-BF-205-141-N.jpg
1,55,CFD-BF-206-143-N.jpg
1,56,CFD-BF-207-004-N.jpg
1,57,CFD-BF-208-266-N.jpg
1,58,CFD-BF-209-172-N.jpg
1,59,CFD-BF-210-130-N.jpg
1,60,CFD-BF-211-168-N.jpg
1,61,CFD-BF-212-315-N.jpg
1,62,CFD-BF-213-188-N.jpg
1,63,CFD-BF-214-308-N.jpg
1,64,CFD-BF-215-177-N.jpg
1,65,CFD-BF-216-132-N.jpg
1,66,CFD-BF-217-189-N.jpg
1,67,CFD-BF-218-207-N.jpg
1,68,CFD-BF-219-137-N.jpg
1,69,CFD-BF-220-161-N.jpg
1,70,CFD-BF-221-223-N.jpg
1,71,CFD-BF-222-240-N.jpg
1,72,CFD-BF-223-250-N.jpg
1,73,CFD-BF-224-002-N.jpg
1,74,CFD-BF-225-192-N.jpg
1,75,CFD-BF-226-119-N.jpg
1,76,CFD-BF-227-137-N.jpg
1,77,CFD-BF-228-212-N.jpg
1,78,CFD-BF-229-179-N.jpg
1,79,CFD-BF-230-189-N.jpg
1,80,CFD-BF-231-202-N.jpg
1,81,CFD-BF-232-187-N.jpg
1,82,CFD-BF-233-116-N.jpg
1,83,CFD-BF-234-167-N.jpg
1,84,CFD-BF-235-168-N.jpg
1,85,CFD-BF-236-177-N.jpg
1,86,CFD-BF-237-172-N.jpg
1,87,CFD-BF-238-190-N.jpg
1,88,CFD-BF-239-180-N.jpg
1,89,CFD-BF-240-179-N.jpg
1,90,CFD-BF-241-222-N.jpg
1,91,CFD-BF-242-154-N.jpg
1,92,CFD-BF-243-164-N.jpg
1,93,CFD-BF-244-231-N.jpg
1,94,CFD-BF-245-178-N.jpg
1,95,CFD-BF-246-170-N.jpg
1,96,CFD-BF-247-179-N.jpg
1,97,CFD-BF-248-149-N.jpg
1,98,CFD-BF-249-091-N.jpg
1,99,CFD-BF-250-121-N.jpg
1,100,CFD-BF-251-211-N.jpg
1,101,CFD-BF-252-191-N.jpg
1,102,CFD-BF-253-202-N.jpg
1,103,CFD-BF-254-201-N.jpg
1,104,CFD-BF-255-140-N.jpg
2,1,CFD-BM-001-014-N.jpg
2,2,CFD-BM-002-013-N.jpg
2,3,CFD-BM-003-003-N.jpg
2,4,CFD-BM-004-002-N.jpg
2,5,CFD-BM-005-003-N.jpg
2,6,CFD-BM-009-002-N.jpg
2,7,CFD-BM-010-003-N.jpg
2,8,CFD-BM-011-016-N.jpg
2,9,CFD-BM-012-018-N.jpg
2,10,CFD-BM-013-002-N.jpg
2,11,CFD-BM-015-015-N.jpg
2,12,CFD-BM-016-036-N.jpg
2,13,CFD-BM-017-021-N.jpg
2,14,CFD-BM-018-001-N.jpg
2,15,CFD-BM-019-002-N.jpg
2,16,CFD-BM-020-001-N.jpg
2,17,CFD-BM-021-021-N.jpg
2,18,CFD-BM-022-022-N.jpg
2,19,CFD-BM-023-029-N.jpg
2,20,CFD-BM-024-001-N.jpg
2,21,CFD-BM-025-035-N.jpg
2,22,CFD-BM-026-002-N.jpg
2,23,CFD-BM-027-001-N.jpg
2,24,CFD-BM-028-002-N.jpg
2,25,CFD-BM-029-024-N.jpg
2,26,CFD-BM-030-003-N.jpg
2,27,CFD-BM-031-003-N.jpg
2,28,CFD-BM-032-024-N.jpg
2,29,CFD-BM-033-003-N.jpg
2,30,CFD-BM-034-031-N.jpg
2,31,CFD-BM-036-003-N.jpg
2,32,CFD-BM-037-033-N.jpg
2,33,CFD-BM-038-001-N.jpg
2,34,CFD-BM-039-029-N.jpg
2,35,CFD-BM-040-002-N.jpg
2,36,CFD-BM-041-035-N.jpg
2,37,CFD-BM-043-071-N.jpg
2,38,CFD-BM-044-001-N.jpg
2,39,CFD-BM-045-004-N.jpg
2,40,CFD-BM-046-006-N.jpg
2,41,CFD-BM-200-046-N.jpg
2,42,CFD-BM-201-077-N.jpg
2,43,CFD-BM-202-063-N.jpg
2,44,CFD-BM-203-001-N.jpg
2,45,CFD-BM-204-003-N.jpg
2,46,CFD-BM-205-001-N.jpg
2,47,CFD-BM-206-114-N.jpg
2,48,CFD-BM-207-024-N.jpg
2,49,CFD-BM-208-065-N.jpg
2,50,CFD-BM-209-088-N.jpg
2,51,CFD-BM-210-148-N.jpg
2,52,CFD-BM-211-174-N.jpg
2,53,CFD-BM-212-117-N.jpg
2,54,CFD-BM-213-134-N.jpg
2,55,CFD-BM-214-075-N.jpg
2,56,CFD-BM-215-155-N.jpg
2,57,CFD-BM-216-088-N.jpg
2,58,CFD-BM-217-082-N.jpg
2,59,CFD-BM-218-132-N.jpg
2,60,CFD-BM-219-141-N.jpg
2,61,CFD-BM-221-198-N.jpg
2,62,CFD-BM-222-173-N.jpg
2,63,CFD-BM-223-171-N.jpg
2,64,CFD-BM-224-073-N.jpg
2,65,CFD-BM-225-154-N.jpg
2,66,CFD-BM-226-276-N.jpg
2,67,CFD-BM-227-191-N.jpg
2,68,CFD-BM-228-145-N.jpg
2,69,CFD-BM-229-209-N.jpg
2,70,CFD-BM-230-232-N.jpg
2,71,CFD-BM-231-155-N.jpg
2,72,CFD-BM-232-213-N.jpg
2,73,CFD-BM-233-285-N.jpg
2,74,CFD-BM-234-172-N.jpg
2,75,CFD-BM-235-226-N.jpg
2,76,CFD-BM-236-248-N.jpg
2,77,CFD-BM-237-188-N.jpg
2,78,CFD-BM-238-242-N.jpg
2,79,CFD-BM-239-136-N.jpg
2,80,CFD-BM-240-207-N.jpg
2,81,CFD-BM-241-235-N.jpg
2,82,CFD-BM-242-233-N.jpg
2,83,CFD-BM-243-218-N.jpg
2,84,CFD-BM-244-197-N.jpg
2,85,CFD-BM-245-164-N.jpg
2,86,CFD-BM-246-192-N.jpg
2,87,CFD-BM-247-240-N.jpg
2,88,CFD-BM-248-128-N.jpg
2,89,CFD-BM-249-235-N.jpg
2,90,CFD-BM-250-170-N.jpg
2,91,CFD-BM-251-013-N.jpg
2,92,CFD-BM-252-161-N.jpg
2,93,CFD-BM-253-004-N.jpg
3,1,CFD-WF-001-003-N.jpg
3,2,CFD-WF-002-004-N.jpg
3,3,CFD-WF-003-003-N.jpg
3,4,CFD-WF-005-010-N.jpg
3,5,CFD-WF-006-002-N.jpg
3,6,CFD-WF-007-001-N.jpg
3,7,CFD-WF-008-002-N.jpg
3,8,CFD-WF-009-001-N.jpg
3,9,CFD-WF-010-004-N.jpg
3,10,CFD-WF-011-002-N.jpg
3,11,CFD-WF-012-002-N.jpg
3,12,CFD-WF-013-003-N.jpg
3,13,CFD-WF-014-002-N.jpg
3,14,CFD-WF-015-006-N.jpg
3,15,CFD-WF-016-015-N.jpg
3,16,CFD-WF-017-003-N.jpg
3,17,CFD-WF-018-017-N.jpg
3,18,CFD-WF-019-005-N.jpg
3,19,CFD-WF-020-002-N.jpg
3,20,CFD-WF-021-002-N.jpg
3,21,CFD-WF-022-017-N.jpg
3,22,CFD-WF-023-003-N.jpg
3,23,CFD-WF-024-003-N.jpg
3,24,CFD-WF-025-019-N.jpg
3,25,CFD-WF-026-002-N.jpg
3,26,CFD-WF-027-003-N.jpg
3,27,CFD-WF-028-023-N.jpg
3,28,CFD-WF-029-002-N.jpg
3,29,CFD-WF-030-002-N.jpg
3,30,CFD-WF-031-027-N.jpg
3,31,CFD-WF-033-002-N.jpg
3,32,CFD-WF-034-006-N.jpg
3,33,CFD-WF-035-024-N.jpg
3,34,CFD-WF-036-023-N.jpg
3,35,CFD-WF-037-029-N.jpg
3,36,CFD-WF-038-021-N.jpg
3,37,CFD-WF-039-025-N.jpg
3,38,CFD-WF-200-099-N.jpg
3,39,CFD-WF-201-156-N.jpg
3,40,CFD-WF-202-056-N.jpg
3,41,CFD-WF-203-229-N.jpg
3,42,CFD-WF-204-038-N.jpg
3,43,CFD-WF-205-006-N.jpg
3,44,CFD-WF-206-147-N.jpg
3,45,CFD-WF-207-014-N.jpg
3,46,CFD-WF-208-068-N.jpg
3,47,CFD-WF-209-052-N.jpg
3,48,CFD-WF-210-086-N.jpg
3,49,CFD-WF-211-001-N.jpg
3,50,CFD-WF-212-050-N.jpg
3,51,CFD-WF-213-031-N.jpg
3,52,CFD-WF-214-122-N.jpg
3,53,CFD-WF-215-145-N.jpg
3,54,CFD-WF-216-079-N.jpg
3,55,CFD-WF-217-085-N.jpg
3,56,CFD-WF-218-087-N.jpg
3,57,CFD-WF-219-038-N.jpg
3,58,CFD-WF-220-101-N.jpg
3,59,CFD-WF-221-005-N.jpg
3,60,CFD-WF-222-092-N.jpg
3,61,CFD-WF-223-133-N.jpg
3,62,CFD-WF-224-099-N.jpg
3,63,CFD-WF-225-101-N.jpg
3,64,CFD-WF-226-095-N.jpg
3,65,CFD-WF-227-002-N.jpg
3,66,CFD-WF-228-196-N.jpg
3,67,CFD-WF-229-004-N.jpg
3,68,CFD-WF-230-158-N.jpg
3,69,CFD-WF-231-099-N.jpg
3,70,CFD-WF-232-161-N.jpg
3,71,CFD-WF-233-112-N.jpg
3,72,CFD-WF-234-086-N.jpg
3,73,CFD-WF-235-121-N.jpg
3,74,CFD-WF-236-107-N.jpg
3,75,CFD-WF-237-067-N.jpg
3,76,CFD-WF-238-023-N.jpg
3,77,CFD-WF-239-155-N.jpg
3,78,CFD-WF-240-083-N.jpg
3,79,CFD-WF-241-210-N.jpg
3,80,CFD-WF-242-001-N.jpg
3,81,CFD-WF-243-148-N.jpg
3,82,CFD-WF-244-163-N.jpg
3,83,CFD-WF-245-084-N.jpg
3,84,CFD-WF-246-087-N.jpg
3,85,CFD-WF-247-065-N.jpg
3,86,CFD-WF-248-129-N.jpg
3,87,CFD-WF-249-126-N.jpg
3,88,CFD-WF-250-167-N.jpg
3,89,CFD-WF-251-014-N.jpg
3,90,CFD-WF-252-159-N.jpg
4,1,CFD-WM-001-014-N.jpg
4,2,CFD-WM-002-009-N.jpg
4,3,CFD-WM-003-002-N.jpg
4,4,CFD-WM-004-010-N.jpg
4,5,CFD-WM-006-002-N.jpg
4,6,CFD-WM-009-002-N.jpg
4,7,CFD-WM-010-001-N.jpg
4,8,CFD-WM-011-002-N.jpg
4,9,CFD-WM-012-001-N.jpg
4,10,CFD-WM-013-001-N.jpg
4,11,CFD-WM-014-002-N.jpg
4,12,CFD-WM-015-002-N.jpg
4,13,CFD-WM-016-001-N.jpg
4,14,CFD-WM-017-002-N.jpg
4,15,CFD-WM-018-002-N.jpg
4,16,CFD-WM-019-003-N.jpg
4,17,CFD-WM-020-001-N.jpg
4,18,CFD-WM-021-001-N.jpg
4,19,CFD-WM-022-001-N.jpg
4,20,CFD-WM-023-001-N.jpg
4,21,CFD-WM-024-015-N.jpg
4,22,CFD-WM-025-002-N.jpg
4,23,CFD-WM-026-001-N.jpg
4,24,CFD-WM-028-003-N.jpg
4,25,CFD-WM-029-023-N.jpg
4,26,CFD-WM-031-003-N.jpg
4,27,CFD-WM-032-001-N.jpg
4,28,CFD-WM-033-025-N.jpg
4,29,CFD-WM-034-030-N.jpg
4,30,CFD-WM-035-032-N.jpg
4,31,CFD-WM-036-031-N.jpg
4,32,CFD-WM-037-025-N.jpg
4,33,CFD-WM-038-003-N.jpg
4,34,CFD-WM-039-018-N.jpg
4,35,CFD-WM-040-022-N.jpg
4,36,CFD-WM-041-021-N.jpg
4,37,CFD-WM-200-034-N.jpg
4,38,CFD-WM-201-063-N.jpg
4,39,CFD-WM-202-107-N.jpg
4,40,CFD-WM-203-023-N.jpg
4,41,CFD-WM-204-031-N.jpg
4,42,CFD-WM-205-007-N.jpg
4,43,CFD-WM-206-045-N.jpg
4,44,CFD-WM-207-048-N.jpg
4,45,CFD-WM-208-068-N.jpg
4,46,CFD-WM-209-038-N.jpg
4,47,CFD-WM-210-057-N.jpg
4,48,CFD-WM-211-054-N.jpg
4,49,CFD-WM-212-097-N.jpg
4,50,CFD-WM-213-076-N.jpg
4,51,CFD-WM-214-026-N.jpg
4,52,CFD-WM-215-041-N.jpg
4,53,CFD-WM-216-061-N.jpg
4,54,CFD-WM-217-070-N.jpg
4,55,CFD-WM-218-074-N.jpg
4,56,CFD-WM-219-008-N.jpg
4,57,CFD-WM-220-068-N.jpg
4,58,CFD-WM-221-091-N.jpg
4,59,CFD-WM-222-057-N.jpg
4,60,CFD-WM-223-056-N.jpg
4,61,CFD-WM-224-197-N.jpg
4,62,CFD-WM-225-127-N.jpg
4,63,CFD-WM-227-099-N.jpg
4,64,CFD-WM-228-065-N.jpg
4,65,CFD-WM-229-129-N.jpg
4,66,CFD-WM-230-131-N.jpg
4,67,CFD-WM-231-112-N.jpg
4,68,CFD-WM-232-070-N.jpg
4,69,CFD-WM-233-106-N.jpg
4,70,CFD-WM-234-118-N.jpg
4,71,CFD-WM-235-147-N.jpg
4,72,CFD-WM-236-072-N.jpg
4,73,CFD-WM-237-052-N.jpg
4,74,CFD-WM-238-020-N.jpg
4,75,CFD-WM-239-128-N.jpg
4,76,CFD-WM-240-125-N.jpg
4,77,CFD-WM-241-072-N.jpg
4,78,CFD-WM-242-011-N.jpg
4,79,CFD-WM-243-107-N.jpg
4,80,CFD-WM-244-003-N.jpg
4,81,CFD-WM-245-123-N.jpg
4,82,CFD-WM-247-084-N.jpg
4,83,CFD-WM-248-036-N.jpg
4,84,CFD-WM-249-239-N.jpg
4,85,CFD-WM-250-157-N.jpg
4,86,CFD-WM-251-002-N.jpg
4,87,CFD-WM-252-224-N.jpg
4,88,CFD-WM-253-119-N.jpg
4,89,CFD-WM-254-152-N.jpg
4,90,CFD-WM-255-219-N.jpg
4,91,CFD-WM-256-138-N.jpg
4,92,CFD-WM-257-161-N.jpg
4,93,CFD-WM-258-125-N.jpg